sample_name	fwd_read	rev_read	unpaired_read
G1St3100m_S30	/nfs/chisholmlab001/chisholmlab/experiment_repository/2020/scope_gradients_omics/Lindell_Gradients_Omics_Shared/Metagenome/Reads/G1St3100m_S30_R1.fastq.gz	/nfs/chisholmlab001/chisholmlab/experiment_repository/2020/scope_gradients_omics/Lindell_Gradients_Omics_Shared/Metagenome/Reads/G1St3100m_S30_R2.fastq.gz	/nfs/chisholmlab001/chisholmlab/experiment_repository/2020/scope_gradients_omics/Lindell_Gradients_Omics_Shared/Metagenome/Reads/G1St3100m_S30_unpaired.fastq.gz
G1St35m_S29	/nfs/chisholmlab001/chisholmlab/experiment_repository/2020/scope_gradients_omics/Lindell_Gradients_Omics_Shared/Metagenome/Reads/G1St35m_S29_R1.fastq.gz	/nfs/chisholmlab001/chisholmlab/experiment_repository/2020/scope_gradients_omics/Lindell_Gradients_Omics_Shared/Metagenome/Reads/G1St35m_S29_R2.fastq.gz	/nfs/chisholmlab001/chisholmlab/experiment_repository/2020/scope_gradients_omics/Lindell_Gradients_Omics_Shared/Metagenome/Reads/G1St35m_S29_unpaired.fastq.gz
G1St55m_S31	/nfs/chisholmlab001/chisholmlab/experiment_repository/2020/scope_gradients_omics/Lindell_Gradients_Omics_Shared/Metagenome/Reads/G1St55m_S31_R1.fastq.gz	/nfs/chisholmlab001/chisholmlab/experiment_repository/2020/scope_gradients_omics/Lindell_Gradients_Omics_Shared/Metagenome/Reads/G1St55m_S31_R2.fastq.gz	/nfs/chisholmlab001/chisholmlab/experiment_repository/2020/scope_gradients_omics/Lindell_Gradients_Omics_Shared/Metagenome/Reads/G1St55m_S31_unpaired.fastq.gz
G1St560m_S32	/nfs/chisholmlab001/chisholmlab/experiment_repository/2020/scope_gradients_omics/Lindell_Gradients_Omics_Shared/Metagenome/Reads/G1St560m_S32_R1.fastq.gz	/nfs/chisholmlab001/chisholmlab/experiment_repository/2020/scope_gradients_omics/Lindell_Gradients_Omics_Shared/Metagenome/Reads/G1St560m_S32_R2.fastq.gz	/nfs/chisholmlab001/chisholmlab/experiment_repository/2020/scope_gradients_omics/Lindell_Gradients_Omics_Shared/Metagenome/Reads/G1St560m_S32_unpaired.fastq.gz
G1St95m_S33	/nfs/chisholmlab001/chisholmlab/experiment_repository/2020/scope_gradients_omics/Lindell_Gradients_Omics_Shared/Metagenome/Reads/G1St95m_S33_R1.fastq.gz	/nfs/chisholmlab001/chisholmlab/experiment_repository/2020/scope_gradients_omics/Lindell_Gradients_Omics_Shared/Metagenome/Reads/G1St95m_S33_R2.fastq.gz	/nfs/chisholmlab001/chisholmlab/experiment_repository/2020/scope_gradients_omics/Lindell_Gradients_Omics_Shared/Metagenome/Reads/G1St95m_S33_unpaired.fastq.gz
G1St965m_S34	/nfs/chisholmlab001/chisholmlab/experiment_repository/2020/scope_gradients_omics/Lindell_Gradients_Omics_Shared/Metagenome/Reads/G1St965m_S34_R1.fastq.gz	/nfs/chisholmlab001/chisholmlab/experiment_repository/2020/scope_gradients_omics/Lindell_Gradients_Omics_Shared/Metagenome/Reads/G1St965m_S34_R2.fastq.gz	/nfs/chisholmlab001/chisholmlab/experiment_repository/2020/scope_gradients_omics/Lindell_Gradients_Omics_Shared/Metagenome/Reads/G1St965m_S34_unpaired.fastq.gz
G1UW1_S1	/nfs/chisholmlab001/chisholmlab/experiment_repository/2020/scope_gradients_omics/Lindell_Gradients_Omics_Shared/Metagenome/Reads/G1UW1_S1_R1.fastq.gz	/nfs/chisholmlab001/chisholmlab/experiment_repository/2020/scope_gradients_omics/Lindell_Gradients_Omics_Shared/Metagenome/Reads/G1UW1_S1_R2.fastq.gz	/nfs/chisholmlab001/chisholmlab/experiment_repository/2020/scope_gradients_omics/Lindell_Gradients_Omics_Shared/Metagenome/Reads/G1UW1_S1_unpaired.fastq.gz
G1UW10_S9	/nfs/chisholmlab001/chisholmlab/experiment_repository/2020/scope_gradients_omics/Lindell_Gradients_Omics_Shared/Metagenome/Reads/G1UW10_S9_R1.fastq.gz	/nfs/chisholmlab001/chisholmlab/experiment_repository/2020/scope_gradients_omics/Lindell_Gradients_Omics_Shared/Metagenome/Reads/G1UW10_S9_R2.fastq.gz	/nfs/chisholmlab001/chisholmlab/experiment_repository/2020/scope_gradients_omics/Lindell_Gradients_Omics_Shared/Metagenome/Reads/G1UW10_S9_unpaired.fastq.gz
G1UW11_S10	/nfs/chisholmlab001/chisholmlab/experiment_repository/2020/scope_gradients_omics/Lindell_Gradients_Omics_Shared/Metagenome/Reads/G1UW11_S10_R1.fastq.gz	/nfs/chisholmlab001/chisholmlab/experiment_repository/2020/scope_gradients_omics/Lindell_Gradients_Omics_Shared/Metagenome/Reads/G1UW11_S10_R2.fastq.gz	/nfs/chisholmlab001/chisholmlab/experiment_repository/2020/scope_gradients_omics/Lindell_Gradients_Omics_Shared/Metagenome/Reads/G1UW11_S10_unpaired.fastq.gz
G1UW12_S11	/nfs/chisholmlab001/chisholmlab/experiment_repository/2020/scope_gradients_omics/Lindell_Gradients_Omics_Shared/Metagenome/Reads/G1UW12_S11_R1.fastq.gz	/nfs/chisholmlab001/chisholmlab/experiment_repository/2020/scope_gradients_omics/Lindell_Gradients_Omics_Shared/Metagenome/Reads/G1UW12_S11_R2.fastq.gz	/nfs/chisholmlab001/chisholmlab/experiment_repository/2020/scope_gradients_omics/Lindell_Gradients_Omics_Shared/Metagenome/Reads/G1UW12_S11_unpaired.fastq.gz
G1UW13_S12	/nfs/chisholmlab001/chisholmlab/experiment_repository/2020/scope_gradients_omics/Lindell_Gradients_Omics_Shared/Metagenome/Reads/G1UW13_S12_R1.fastq.gz	/nfs/chisholmlab001/chisholmlab/experiment_repository/2020/scope_gradients_omics/Lindell_Gradients_Omics_Shared/Metagenome/Reads/G1UW13_S12_R2.fastq.gz	/nfs/chisholmlab001/chisholmlab/experiment_repository/2020/scope_gradients_omics/Lindell_Gradients_Omics_Shared/Metagenome/Reads/G1UW13_S12_unpaired.fastq.gz
G1UW14_S13	/nfs/chisholmlab001/chisholmlab/experiment_repository/2020/scope_gradients_omics/Lindell_Gradients_Omics_Shared/Metagenome/Reads/G1UW14_S13_R1.fastq.gz	/nfs/chisholmlab001/chisholmlab/experiment_repository/2020/scope_gradients_omics/Lindell_Gradients_Omics_Shared/Metagenome/Reads/G1UW14_S13_R2.fastq.gz	/nfs/chisholmlab001/chisholmlab/experiment_repository/2020/scope_gradients_omics/Lindell_Gradients_Omics_Shared/Metagenome/Reads/G1UW14_S13_unpaired.fastq.gz
G1UW15_S14	/nfs/chisholmlab001/chisholmlab/experiment_repository/2020/scope_gradients_omics/Lindell_Gradients_Omics_Shared/Metagenome/Reads/G1UW15_S14_R1.fastq.gz	/nfs/chisholmlab001/chisholmlab/experiment_repository/2020/scope_gradients_omics/Lindell_Gradients_Omics_Shared/Metagenome/Reads/G1UW15_S14_R2.fastq.gz	/nfs/chisholmlab001/chisholmlab/experiment_repository/2020/scope_gradients_omics/Lindell_Gradients_Omics_Shared/Metagenome/Reads/G1UW15_S14_unpaired.fastq.gz
G1UW16_S15	/nfs/chisholmlab001/chisholmlab/experiment_repository/2020/scope_gradients_omics/Lindell_Gradients_Omics_Shared/Metagenome/Reads/G1UW16_S15_R1.fastq.gz	/nfs/chisholmlab001/chisholmlab/experiment_repository/2020/scope_gradients_omics/Lindell_Gradients_Omics_Shared/Metagenome/Reads/G1UW16_S15_R2.fastq.gz	/nfs/chisholmlab001/chisholmlab/experiment_repository/2020/scope_gradients_omics/Lindell_Gradients_Omics_Shared/Metagenome/Reads/G1UW16_S15_unpaired.fastq.gz
G1UW17_S16	/nfs/chisholmlab001/chisholmlab/experiment_repository/2020/scope_gradients_omics/Lindell_Gradients_Omics_Shared/Metagenome/Reads/G1UW17_S16_R1.fastq.gz	/nfs/chisholmlab001/chisholmlab/experiment_repository/2020/scope_gradients_omics/Lindell_Gradients_Omics_Shared/Metagenome/Reads/G1UW17_S16_R2.fastq.gz	/nfs/chisholmlab001/chisholmlab/experiment_repository/2020/scope_gradients_omics/Lindell_Gradients_Omics_Shared/Metagenome/Reads/G1UW17_S16_unpaired.fastq.gz
G1UW18_S17	/nfs/chisholmlab001/chisholmlab/experiment_repository/2020/scope_gradients_omics/Lindell_Gradients_Omics_Shared/Metagenome/Reads/G1UW18_S17_R1.fastq.gz	/nfs/chisholmlab001/chisholmlab/experiment_repository/2020/scope_gradients_omics/Lindell_Gradients_Omics_Shared/Metagenome/Reads/G1UW18_S17_R2.fastq.gz	/nfs/chisholmlab001/chisholmlab/experiment_repository/2020/scope_gradients_omics/Lindell_Gradients_Omics_Shared/Metagenome/Reads/G1UW18_S17_unpaired.fastq.gz
G1UW19_S18	/nfs/chisholmlab001/chisholmlab/experiment_repository/2020/scope_gradients_omics/Lindell_Gradients_Omics_Shared/Metagenome/Reads/G1UW19_S18_R1.fastq.gz	/nfs/chisholmlab001/chisholmlab/experiment_repository/2020/scope_gradients_omics/Lindell_Gradients_Omics_Shared/Metagenome/Reads/G1UW19_S18_R2.fastq.gz	/nfs/chisholmlab001/chisholmlab/experiment_repository/2020/scope_gradients_omics/Lindell_Gradients_Omics_Shared/Metagenome/Reads/G1UW19_S18_unpaired.fastq.gz
G1UW2_S2	/nfs/chisholmlab001/chisholmlab/experiment_repository/2020/scope_gradients_omics/Lindell_Gradients_Omics_Shared/Metagenome/Reads/G1UW2_S2_R1.fastq.gz	/nfs/chisholmlab001/chisholmlab/experiment_repository/2020/scope_gradients_omics/Lindell_Gradients_Omics_Shared/Metagenome/Reads/G1UW2_S2_R2.fastq.gz	/nfs/chisholmlab001/chisholmlab/experiment_repository/2020/scope_gradients_omics/Lindell_Gradients_Omics_Shared/Metagenome/Reads/G1UW2_S2_unpaired.fastq.gz
G1UW20_S19	/nfs/chisholmlab001/chisholmlab/experiment_repository/2020/scope_gradients_omics/Lindell_Gradients_Omics_Shared/Metagenome/Reads/G1UW20_S19_R1.fastq.gz	/nfs/chisholmlab001/chisholmlab/experiment_repository/2020/scope_gradients_omics/Lindell_Gradients_Omics_Shared/Metagenome/Reads/G1UW20_S19_R2.fastq.gz	/nfs/chisholmlab001/chisholmlab/experiment_repository/2020/scope_gradients_omics/Lindell_Gradients_Omics_Shared/Metagenome/Reads/G1UW20_S19_unpaired.fastq.gz
G1UW21_S20	/nfs/chisholmlab001/chisholmlab/experiment_repository/2020/scope_gradients_omics/Lindell_Gradients_Omics_Shared/Metagenome/Reads/G1UW21_S20_R1.fastq.gz	/nfs/chisholmlab001/chisholmlab/experiment_repository/2020/scope_gradients_omics/Lindell_Gradients_Omics_Shared/Metagenome/Reads/G1UW21_S20_R2.fastq.gz	/nfs/chisholmlab001/chisholmlab/experiment_repository/2020/scope_gradients_omics/Lindell_Gradients_Omics_Shared/Metagenome/Reads/G1UW21_S20_unpaired.fastq.gz
G1UW22_S21	/nfs/chisholmlab001/chisholmlab/experiment_repository/2020/scope_gradients_omics/Lindell_Gradients_Omics_Shared/Metagenome/Reads/G1UW22_S21_R1.fastq.gz	/nfs/chisholmlab001/chisholmlab/experiment_repository/2020/scope_gradients_omics/Lindell_Gradients_Omics_Shared/Metagenome/Reads/G1UW22_S21_R2.fastq.gz	/nfs/chisholmlab001/chisholmlab/experiment_repository/2020/scope_gradients_omics/Lindell_Gradients_Omics_Shared/Metagenome/Reads/G1UW22_S21_unpaired.fastq.gz
G1UW23_S22	/nfs/chisholmlab001/chisholmlab/experiment_repository/2020/scope_gradients_omics/Lindell_Gradients_Omics_Shared/Metagenome/Reads/G1UW23_S22_R1.fastq.gz	/nfs/chisholmlab001/chisholmlab/experiment_repository/2020/scope_gradients_omics/Lindell_Gradients_Omics_Shared/Metagenome/Reads/G1UW23_S22_R2.fastq.gz	/nfs/chisholmlab001/chisholmlab/experiment_repository/2020/scope_gradients_omics/Lindell_Gradients_Omics_Shared/Metagenome/Reads/G1UW23_S22_unpaired.fastq.gz
G1UW24_S23	/nfs/chisholmlab001/chisholmlab/experiment_repository/2020/scope_gradients_omics/Lindell_Gradients_Omics_Shared/Metagenome/Reads/G1UW24_S23_R1.fastq.gz	/nfs/chisholmlab001/chisholmlab/experiment_repository/2020/scope_gradients_omics/Lindell_Gradients_Omics_Shared/Metagenome/Reads/G1UW24_S23_R2.fastq.gz	/nfs/chisholmlab001/chisholmlab/experiment_repository/2020/scope_gradients_omics/Lindell_Gradients_Omics_Shared/Metagenome/Reads/G1UW24_S23_unpaired.fastq.gz
G1UW25_S24	/nfs/chisholmlab001/chisholmlab/experiment_repository/2020/scope_gradients_omics/Lindell_Gradients_Omics_Shared/Metagenome/Reads/G1UW25_S24_R1.fastq.gz	/nfs/chisholmlab001/chisholmlab/experiment_repository/2020/scope_gradients_omics/Lindell_Gradients_Omics_Shared/Metagenome/Reads/G1UW25_S24_R2.fastq.gz	/nfs/chisholmlab001/chisholmlab/experiment_repository/2020/scope_gradients_omics/Lindell_Gradients_Omics_Shared/Metagenome/Reads/G1UW25_S24_unpaired.fastq.gz
G1UW26_S25	/nfs/chisholmlab001/chisholmlab/experiment_repository/2020/scope_gradients_omics/Lindell_Gradients_Omics_Shared/Metagenome/Reads/G1UW26_S25_R1.fastq.gz	/nfs/chisholmlab001/chisholmlab/experiment_repository/2020/scope_gradients_omics/Lindell_Gradients_Omics_Shared/Metagenome/Reads/G1UW26_S25_R2.fastq.gz	/nfs/chisholmlab001/chisholmlab/experiment_repository/2020/scope_gradients_omics/Lindell_Gradients_Omics_Shared/Metagenome/Reads/G1UW26_S25_unpaired.fastq.gz
G1UW27_S26	/nfs/chisholmlab001/chisholmlab/experiment_repository/2020/scope_gradients_omics/Lindell_Gradients_Omics_Shared/Metagenome/Reads/G1UW27_S26_R1.fastq.gz	/nfs/chisholmlab001/chisholmlab/experiment_repository/2020/scope_gradients_omics/Lindell_Gradients_Omics_Shared/Metagenome/Reads/G1UW27_S26_R2.fastq.gz	/nfs/chisholmlab001/chisholmlab/experiment_repository/2020/scope_gradients_omics/Lindell_Gradients_Omics_Shared/Metagenome/Reads/G1UW27_S26_unpaired.fastq.gz
G1UW28_S27	/nfs/chisholmlab001/chisholmlab/experiment_repository/2020/scope_gradients_omics/Lindell_Gradients_Omics_Shared/Metagenome/Reads/G1UW28_S27_R1.fastq.gz	/nfs/chisholmlab001/chisholmlab/experiment_repository/2020/scope_gradients_omics/Lindell_Gradients_Omics_Shared/Metagenome/Reads/G1UW28_S27_R2.fastq.gz	/nfs/chisholmlab001/chisholmlab/experiment_repository/2020/scope_gradients_omics/Lindell_Gradients_Omics_Shared/Metagenome/Reads/G1UW28_S27_unpaired.fastq.gz
G1UW29_S28	/nfs/chisholmlab001/chisholmlab/experiment_repository/2020/scope_gradients_omics/Lindell_Gradients_Omics_Shared/Metagenome/Reads/G1UW29_S28_R1.fastq.gz	/nfs/chisholmlab001/chisholmlab/experiment_repository/2020/scope_gradients_omics/Lindell_Gradients_Omics_Shared/Metagenome/Reads/G1UW29_S28_R2.fastq.gz	/nfs/chisholmlab001/chisholmlab/experiment_repository/2020/scope_gradients_omics/Lindell_Gradients_Omics_Shared/Metagenome/Reads/G1UW29_S28_unpaired.fastq.gz
G1UW3_S3	/nfs/chisholmlab001/chisholmlab/experiment_repository/2020/scope_gradients_omics/Lindell_Gradients_Omics_Shared/Metagenome/Reads/G1UW3_S3_R1.fastq.gz	/nfs/chisholmlab001/chisholmlab/experiment_repository/2020/scope_gradients_omics/Lindell_Gradients_Omics_Shared/Metagenome/Reads/G1UW3_S3_R2.fastq.gz	/nfs/chisholmlab001/chisholmlab/experiment_repository/2020/scope_gradients_omics/Lindell_Gradients_Omics_Shared/Metagenome/Reads/G1UW3_S3_unpaired.fastq.gz
G1UW4_S4	/nfs/chisholmlab001/chisholmlab/experiment_repository/2020/scope_gradients_omics/Lindell_Gradients_Omics_Shared/Metagenome/Reads/G1UW4_S4_R1.fastq.gz	/nfs/chisholmlab001/chisholmlab/experiment_repository/2020/scope_gradients_omics/Lindell_Gradients_Omics_Shared/Metagenome/Reads/G1UW4_S4_R2.fastq.gz	/nfs/chisholmlab001/chisholmlab/experiment_repository/2020/scope_gradients_omics/Lindell_Gradients_Omics_Shared/Metagenome/Reads/G1UW4_S4_unpaired.fastq.gz
G1UW5_S5	/nfs/chisholmlab001/chisholmlab/experiment_repository/2020/scope_gradients_omics/Lindell_Gradients_Omics_Shared/Metagenome/Reads/G1UW5_S5_R1.fastq.gz	/nfs/chisholmlab001/chisholmlab/experiment_repository/2020/scope_gradients_omics/Lindell_Gradients_Omics_Shared/Metagenome/Reads/G1UW5_S5_R2.fastq.gz	/nfs/chisholmlab001/chisholmlab/experiment_repository/2020/scope_gradients_omics/Lindell_Gradients_Omics_Shared/Metagenome/Reads/G1UW5_S5_unpaired.fastq.gz
G1UW6_S6	/nfs/chisholmlab001/chisholmlab/experiment_repository/2020/scope_gradients_omics/Lindell_Gradients_Omics_Shared/Metagenome/Reads/G1UW6_S6_R1.fastq.gz	/nfs/chisholmlab001/chisholmlab/experiment_repository/2020/scope_gradients_omics/Lindell_Gradients_Omics_Shared/Metagenome/Reads/G1UW6_S6_R2.fastq.gz	/nfs/chisholmlab001/chisholmlab/experiment_repository/2020/scope_gradients_omics/Lindell_Gradients_Omics_Shared/Metagenome/Reads/G1UW6_S6_unpaired.fastq.gz
G1UW8_S7	/nfs/chisholmlab001/chisholmlab/experiment_repository/2020/scope_gradients_omics/Lindell_Gradients_Omics_Shared/Metagenome/Reads/G1UW8_S7_R1.fastq.gz	/nfs/chisholmlab001/chisholmlab/experiment_repository/2020/scope_gradients_omics/Lindell_Gradients_Omics_Shared/Metagenome/Reads/G1UW8_S7_R2.fastq.gz	/nfs/chisholmlab001/chisholmlab/experiment_repository/2020/scope_gradients_omics/Lindell_Gradients_Omics_Shared/Metagenome/Reads/G1UW8_S7_unpaired.fastq.gz
G1UW9_S8	/nfs/chisholmlab001/chisholmlab/experiment_repository/2020/scope_gradients_omics/Lindell_Gradients_Omics_Shared/Metagenome/Reads/G1UW9_S8_R1.fastq.gz	/nfs/chisholmlab001/chisholmlab/experiment_repository/2020/scope_gradients_omics/Lindell_Gradients_Omics_Shared/Metagenome/Reads/G1UW9_S8_R2.fastq.gz	/nfs/chisholmlab001/chisholmlab/experiment_repository/2020/scope_gradients_omics/Lindell_Gradients_Omics_Shared/Metagenome/Reads/G1UW9_S8_unpaired.fastq.gz
G2UW10_S38	/nfs/chisholmlab001/chisholmlab/experiment_repository/2020/scope_gradients_omics/Lindell_Gradients_Omics_Shared/Metagenome/Reads/G2UW10_S38_R1.fastq.gz	/nfs/chisholmlab001/chisholmlab/experiment_repository/2020/scope_gradients_omics/Lindell_Gradients_Omics_Shared/Metagenome/Reads/G2UW10_S38_R2.fastq.gz	/nfs/chisholmlab001/chisholmlab/experiment_repository/2020/scope_gradients_omics/Lindell_Gradients_Omics_Shared/Metagenome/Reads/G2UW10_S38_unpaired.fastq.gz
G2UW12_S39	/nfs/chisholmlab001/chisholmlab/experiment_repository/2020/scope_gradients_omics/Lindell_Gradients_Omics_Shared/Metagenome/Reads/G2UW12_S39_R1.fastq.gz	/nfs/chisholmlab001/chisholmlab/experiment_repository/2020/scope_gradients_omics/Lindell_Gradients_Omics_Shared/Metagenome/Reads/G2UW12_S39_R2.fastq.gz	/nfs/chisholmlab001/chisholmlab/experiment_repository/2020/scope_gradients_omics/Lindell_Gradients_Omics_Shared/Metagenome/Reads/G2UW12_S39_unpaired.fastq.gz
G2UW14_S40	/nfs/chisholmlab001/chisholmlab/experiment_repository/2020/scope_gradients_omics/Lindell_Gradients_Omics_Shared/Metagenome/Reads/G2UW14_S40_R1.fastq.gz	/nfs/chisholmlab001/chisholmlab/experiment_repository/2020/scope_gradients_omics/Lindell_Gradients_Omics_Shared/Metagenome/Reads/G2UW14_S40_R2.fastq.gz	/nfs/chisholmlab001/chisholmlab/experiment_repository/2020/scope_gradients_omics/Lindell_Gradients_Omics_Shared/Metagenome/Reads/G2UW14_S40_unpaired.fastq.gz
G2UW16_S41	/nfs/chisholmlab001/chisholmlab/experiment_repository/2020/scope_gradients_omics/Lindell_Gradients_Omics_Shared/Metagenome/Reads/G2UW16_S41_R1.fastq.gz	/nfs/chisholmlab001/chisholmlab/experiment_repository/2020/scope_gradients_omics/Lindell_Gradients_Omics_Shared/Metagenome/Reads/G2UW16_S41_R2.fastq.gz	/nfs/chisholmlab001/chisholmlab/experiment_repository/2020/scope_gradients_omics/Lindell_Gradients_Omics_Shared/Metagenome/Reads/G2UW16_S41_unpaired.fastq.gz
G2UW18_S42	/nfs/chisholmlab001/chisholmlab/experiment_repository/2020/scope_gradients_omics/Lindell_Gradients_Omics_Shared/Metagenome/Reads/G2UW18_S42_R1.fastq.gz	/nfs/chisholmlab001/chisholmlab/experiment_repository/2020/scope_gradients_omics/Lindell_Gradients_Omics_Shared/Metagenome/Reads/G2UW18_S42_R2.fastq.gz	/nfs/chisholmlab001/chisholmlab/experiment_repository/2020/scope_gradients_omics/Lindell_Gradients_Omics_Shared/Metagenome/Reads/G2UW18_S42_unpaired.fastq.gz
G2UW2_S35	/nfs/chisholmlab001/chisholmlab/experiment_repository/2020/scope_gradients_omics/Lindell_Gradients_Omics_Shared/Metagenome/Reads/G2UW2_S35_R1.fastq.gz	/nfs/chisholmlab001/chisholmlab/experiment_repository/2020/scope_gradients_omics/Lindell_Gradients_Omics_Shared/Metagenome/Reads/G2UW2_S35_R2.fastq.gz	/nfs/chisholmlab001/chisholmlab/experiment_repository/2020/scope_gradients_omics/Lindell_Gradients_Omics_Shared/Metagenome/Reads/G2UW2_S35_unpaired.fastq.gz
G2UW20_S43	/nfs/chisholmlab001/chisholmlab/experiment_repository/2020/scope_gradients_omics/Lindell_Gradients_Omics_Shared/Metagenome/Reads/G2UW20_S43_R1.fastq.gz	/nfs/chisholmlab001/chisholmlab/experiment_repository/2020/scope_gradients_omics/Lindell_Gradients_Omics_Shared/Metagenome/Reads/G2UW20_S43_R2.fastq.gz	/nfs/chisholmlab001/chisholmlab/experiment_repository/2020/scope_gradients_omics/Lindell_Gradients_Omics_Shared/Metagenome/Reads/G2UW20_S43_unpaired.fastq.gz
G2UW23_S44	/nfs/chisholmlab001/chisholmlab/experiment_repository/2020/scope_gradients_omics/Lindell_Gradients_Omics_Shared/Metagenome/Reads/G2UW23_S44_R1.fastq.gz	/nfs/chisholmlab001/chisholmlab/experiment_repository/2020/scope_gradients_omics/Lindell_Gradients_Omics_Shared/Metagenome/Reads/G2UW23_S44_R2.fastq.gz	/nfs/chisholmlab001/chisholmlab/experiment_repository/2020/scope_gradients_omics/Lindell_Gradients_Omics_Shared/Metagenome/Reads/G2UW23_S44_unpaired.fastq.gz
G2UW25_S45	/nfs/chisholmlab001/chisholmlab/experiment_repository/2020/scope_gradients_omics/Lindell_Gradients_Omics_Shared/Metagenome/Reads/G2UW25_S45_R1.fastq.gz	/nfs/chisholmlab001/chisholmlab/experiment_repository/2020/scope_gradients_omics/Lindell_Gradients_Omics_Shared/Metagenome/Reads/G2UW25_S45_R2.fastq.gz	/nfs/chisholmlab001/chisholmlab/experiment_repository/2020/scope_gradients_omics/Lindell_Gradients_Omics_Shared/Metagenome/Reads/G2UW25_S45_unpaired.fastq.gz
G2UW26_S46	/nfs/chisholmlab001/chisholmlab/experiment_repository/2020/scope_gradients_omics/Lindell_Gradients_Omics_Shared/Metagenome/Reads/G2UW26_S46_R1.fastq.gz	/nfs/chisholmlab001/chisholmlab/experiment_repository/2020/scope_gradients_omics/Lindell_Gradients_Omics_Shared/Metagenome/Reads/G2UW26_S46_R2.fastq.gz	/nfs/chisholmlab001/chisholmlab/experiment_repository/2020/scope_gradients_omics/Lindell_Gradients_Omics_Shared/Metagenome/Reads/G2UW26_S46_unpaired.fastq.gz
G2UW27_S47	/nfs/chisholmlab001/chisholmlab/experiment_repository/2020/scope_gradients_omics/Lindell_Gradients_Omics_Shared/Metagenome/Reads/G2UW27_S47_R1.fastq.gz	/nfs/chisholmlab001/chisholmlab/experiment_repository/2020/scope_gradients_omics/Lindell_Gradients_Omics_Shared/Metagenome/Reads/G2UW27_S47_R2.fastq.gz	/nfs/chisholmlab001/chisholmlab/experiment_repository/2020/scope_gradients_omics/Lindell_Gradients_Omics_Shared/Metagenome/Reads/G2UW27_S47_unpaired.fastq.gz
G2UW28_S48	/nfs/chisholmlab001/chisholmlab/experiment_repository/2020/scope_gradients_omics/Lindell_Gradients_Omics_Shared/Metagenome/Reads/G2UW28_S48_R1.fastq.gz	/nfs/chisholmlab001/chisholmlab/experiment_repository/2020/scope_gradients_omics/Lindell_Gradients_Omics_Shared/Metagenome/Reads/G2UW28_S48_R2.fastq.gz	/nfs/chisholmlab001/chisholmlab/experiment_repository/2020/scope_gradients_omics/Lindell_Gradients_Omics_Shared/Metagenome/Reads/G2UW28_S48_unpaired.fastq.gz
G2UW30_S49	/nfs/chisholmlab001/chisholmlab/experiment_repository/2020/scope_gradients_omics/Lindell_Gradients_Omics_Shared/Metagenome/Reads/G2UW30_S49_R1.fastq.gz	/nfs/chisholmlab001/chisholmlab/experiment_repository/2020/scope_gradients_omics/Lindell_Gradients_Omics_Shared/Metagenome/Reads/G2UW30_S49_R2.fastq.gz	/nfs/chisholmlab001/chisholmlab/experiment_repository/2020/scope_gradients_omics/Lindell_Gradients_Omics_Shared/Metagenome/Reads/G2UW30_S49_unpaired.fastq.gz
G2UW31_S50	/nfs/chisholmlab001/chisholmlab/experiment_repository/2020/scope_gradients_omics/Lindell_Gradients_Omics_Shared/Metagenome/Reads/G2UW31_S50_R1.fastq.gz	/nfs/chisholmlab001/chisholmlab/experiment_repository/2020/scope_gradients_omics/Lindell_Gradients_Omics_Shared/Metagenome/Reads/G2UW31_S50_R2.fastq.gz	/nfs/chisholmlab001/chisholmlab/experiment_repository/2020/scope_gradients_omics/Lindell_Gradients_Omics_Shared/Metagenome/Reads/G2UW31_S50_unpaired.fastq.gz
G2UW32_S51	/nfs/chisholmlab001/chisholmlab/experiment_repository/2020/scope_gradients_omics/Lindell_Gradients_Omics_Shared/Metagenome/Reads/G2UW32_S51_R1.fastq.gz	/nfs/chisholmlab001/chisholmlab/experiment_repository/2020/scope_gradients_omics/Lindell_Gradients_Omics_Shared/Metagenome/Reads/G2UW32_S51_R2.fastq.gz	/nfs/chisholmlab001/chisholmlab/experiment_repository/2020/scope_gradients_omics/Lindell_Gradients_Omics_Shared/Metagenome/Reads/G2UW32_S51_unpaired.fastq.gz
G2UW35_S52	/nfs/chisholmlab001/chisholmlab/experiment_repository/2020/scope_gradients_omics/Lindell_Gradients_Omics_Shared/Metagenome/Reads/G2UW35_S52_R1.fastq.gz	/nfs/chisholmlab001/chisholmlab/experiment_repository/2020/scope_gradients_omics/Lindell_Gradients_Omics_Shared/Metagenome/Reads/G2UW35_S52_R2.fastq.gz	/nfs/chisholmlab001/chisholmlab/experiment_repository/2020/scope_gradients_omics/Lindell_Gradients_Omics_Shared/Metagenome/Reads/G2UW35_S52_unpaired.fastq.gz
G2UW36_S53	/nfs/chisholmlab001/chisholmlab/experiment_repository/2020/scope_gradients_omics/Lindell_Gradients_Omics_Shared/Metagenome/Reads/G2UW36_S53_R1.fastq.gz	/nfs/chisholmlab001/chisholmlab/experiment_repository/2020/scope_gradients_omics/Lindell_Gradients_Omics_Shared/Metagenome/Reads/G2UW36_S53_R2.fastq.gz	/nfs/chisholmlab001/chisholmlab/experiment_repository/2020/scope_gradients_omics/Lindell_Gradients_Omics_Shared/Metagenome/Reads/G2UW36_S53_unpaired.fastq.gz
G2UW38_S54	/nfs/chisholmlab001/chisholmlab/experiment_repository/2020/scope_gradients_omics/Lindell_Gradients_Omics_Shared/Metagenome/Reads/G2UW38_S54_R1.fastq.gz	/nfs/chisholmlab001/chisholmlab/experiment_repository/2020/scope_gradients_omics/Lindell_Gradients_Omics_Shared/Metagenome/Reads/G2UW38_S54_R2.fastq.gz	/nfs/chisholmlab001/chisholmlab/experiment_repository/2020/scope_gradients_omics/Lindell_Gradients_Omics_Shared/Metagenome/Reads/G2UW38_S54_unpaired.fastq.gz
G2UW4_S36	/nfs/chisholmlab001/chisholmlab/experiment_repository/2020/scope_gradients_omics/Lindell_Gradients_Omics_Shared/Metagenome/Reads/G2UW4_S36_R1.fastq.gz	/nfs/chisholmlab001/chisholmlab/experiment_repository/2020/scope_gradients_omics/Lindell_Gradients_Omics_Shared/Metagenome/Reads/G2UW4_S36_R2.fastq.gz	/nfs/chisholmlab001/chisholmlab/experiment_repository/2020/scope_gradients_omics/Lindell_Gradients_Omics_Shared/Metagenome/Reads/G2UW4_S36_unpaired.fastq.gz
G2UW8_S37	/nfs/chisholmlab001/chisholmlab/experiment_repository/2020/scope_gradients_omics/Lindell_Gradients_Omics_Shared/Metagenome/Reads/G2UW8_S37_R1.fastq.gz	/nfs/chisholmlab001/chisholmlab/experiment_repository/2020/scope_gradients_omics/Lindell_Gradients_Omics_Shared/Metagenome/Reads/G2UW8_S37_R2.fastq.gz	/nfs/chisholmlab001/chisholmlab/experiment_repository/2020/scope_gradients_omics/Lindell_Gradients_Omics_Shared/Metagenome/Reads/G2UW8_S37_unpaired.fastq.gz
G3UW1_S55	/nfs/chisholmlab001/chisholmlab/experiment_repository/2020/scope_gradients_omics/Lindell_Gradients_Omics_Shared/Metagenome/Reads/G3UW1_S55_R1.fastq.gz	/nfs/chisholmlab001/chisholmlab/experiment_repository/2020/scope_gradients_omics/Lindell_Gradients_Omics_Shared/Metagenome/Reads/G3UW1_S55_R2.fastq.gz	/nfs/chisholmlab001/chisholmlab/experiment_repository/2020/scope_gradients_omics/Lindell_Gradients_Omics_Shared/Metagenome/Reads/G3UW1_S55_unpaired.fastq.gz
G3UW13_S60	/nfs/chisholmlab001/chisholmlab/experiment_repository/2020/scope_gradients_omics/Lindell_Gradients_Omics_Shared/Metagenome/Reads/G3UW13_S60_R1.fastq.gz	/nfs/chisholmlab001/chisholmlab/experiment_repository/2020/scope_gradients_omics/Lindell_Gradients_Omics_Shared/Metagenome/Reads/G3UW13_S60_R2.fastq.gz	/nfs/chisholmlab001/chisholmlab/experiment_repository/2020/scope_gradients_omics/Lindell_Gradients_Omics_Shared/Metagenome/Reads/G3UW13_S60_unpaired.fastq.gz
G3UW18_S61	/nfs/chisholmlab001/chisholmlab/experiment_repository/2020/scope_gradients_omics/Lindell_Gradients_Omics_Shared/Metagenome/Reads/G3UW18_S61_R1.fastq.gz	/nfs/chisholmlab001/chisholmlab/experiment_repository/2020/scope_gradients_omics/Lindell_Gradients_Omics_Shared/Metagenome/Reads/G3UW18_S61_R2.fastq.gz	/nfs/chisholmlab001/chisholmlab/experiment_repository/2020/scope_gradients_omics/Lindell_Gradients_Omics_Shared/Metagenome/Reads/G3UW18_S61_unpaired.fastq.gz
G3UW2_S56	/nfs/chisholmlab001/chisholmlab/experiment_repository/2020/scope_gradients_omics/Lindell_Gradients_Omics_Shared/Metagenome/Reads/G3UW2_S56_R1.fastq.gz	/nfs/chisholmlab001/chisholmlab/experiment_repository/2020/scope_gradients_omics/Lindell_Gradients_Omics_Shared/Metagenome/Reads/G3UW2_S56_R2.fastq.gz	/nfs/chisholmlab001/chisholmlab/experiment_repository/2020/scope_gradients_omics/Lindell_Gradients_Omics_Shared/Metagenome/Reads/G3UW2_S56_unpaired.fastq.gz
G3UW20_S62	/nfs/chisholmlab001/chisholmlab/experiment_repository/2020/scope_gradients_omics/Lindell_Gradients_Omics_Shared/Metagenome/Reads/G3UW20_S62_R1.fastq.gz	/nfs/chisholmlab001/chisholmlab/experiment_repository/2020/scope_gradients_omics/Lindell_Gradients_Omics_Shared/Metagenome/Reads/G3UW20_S62_R2.fastq.gz	/nfs/chisholmlab001/chisholmlab/experiment_repository/2020/scope_gradients_omics/Lindell_Gradients_Omics_Shared/Metagenome/Reads/G3UW20_S62_unpaired.fastq.gz
G3UW27_S64	/nfs/chisholmlab001/chisholmlab/experiment_repository/2020/scope_gradients_omics/Lindell_Gradients_Omics_Shared/Metagenome/Reads/G3UW27_S64_R1.fastq.gz	/nfs/chisholmlab001/chisholmlab/experiment_repository/2020/scope_gradients_omics/Lindell_Gradients_Omics_Shared/Metagenome/Reads/G3UW27_S64_R2.fastq.gz	/nfs/chisholmlab001/chisholmlab/experiment_repository/2020/scope_gradients_omics/Lindell_Gradients_Omics_Shared/Metagenome/Reads/G3UW27_S64_unpaired.fastq.gz
G3UW29_S65	/nfs/chisholmlab001/chisholmlab/experiment_repository/2020/scope_gradients_omics/Lindell_Gradients_Omics_Shared/Metagenome/Reads/G3UW29_S65_R1.fastq.gz	/nfs/chisholmlab001/chisholmlab/experiment_repository/2020/scope_gradients_omics/Lindell_Gradients_Omics_Shared/Metagenome/Reads/G3UW29_S65_R2.fastq.gz	/nfs/chisholmlab001/chisholmlab/experiment_repository/2020/scope_gradients_omics/Lindell_Gradients_Omics_Shared/Metagenome/Reads/G3UW29_S65_unpaired.fastq.gz
G3UW31_S66	/nfs/chisholmlab001/chisholmlab/experiment_repository/2020/scope_gradients_omics/Lindell_Gradients_Omics_Shared/Metagenome/Reads/G3UW31_S66_R1.fastq.gz	/nfs/chisholmlab001/chisholmlab/experiment_repository/2020/scope_gradients_omics/Lindell_Gradients_Omics_Shared/Metagenome/Reads/G3UW31_S66_R2.fastq.gz	/nfs/chisholmlab001/chisholmlab/experiment_repository/2020/scope_gradients_omics/Lindell_Gradients_Omics_Shared/Metagenome/Reads/G3UW31_S66_unpaired.fastq.gz
G3UW34_S67	/nfs/chisholmlab001/chisholmlab/experiment_repository/2020/scope_gradients_omics/Lindell_Gradients_Omics_Shared/Metagenome/Reads/G3UW34_S67_R1.fastq.gz	/nfs/chisholmlab001/chisholmlab/experiment_repository/2020/scope_gradients_omics/Lindell_Gradients_Omics_Shared/Metagenome/Reads/G3UW34_S67_R2.fastq.gz	/nfs/chisholmlab001/chisholmlab/experiment_repository/2020/scope_gradients_omics/Lindell_Gradients_Omics_Shared/Metagenome/Reads/G3UW34_S67_unpaired.fastq.gz
G3UW36_S68	/nfs/chisholmlab001/chisholmlab/experiment_repository/2020/scope_gradients_omics/Lindell_Gradients_Omics_Shared/Metagenome/Reads/G3UW36_S68_R1.fastq.gz	/nfs/chisholmlab001/chisholmlab/experiment_repository/2020/scope_gradients_omics/Lindell_Gradients_Omics_Shared/Metagenome/Reads/G3UW36_S68_R2.fastq.gz	/nfs/chisholmlab001/chisholmlab/experiment_repository/2020/scope_gradients_omics/Lindell_Gradients_Omics_Shared/Metagenome/Reads/G3UW36_S68_unpaired.fastq.gz
G3UW4_S57	/nfs/chisholmlab001/chisholmlab/experiment_repository/2020/scope_gradients_omics/Lindell_Gradients_Omics_Shared/Metagenome/Reads/G3UW4_S57_R1.fastq.gz	/nfs/chisholmlab001/chisholmlab/experiment_repository/2020/scope_gradients_omics/Lindell_Gradients_Omics_Shared/Metagenome/Reads/G3UW4_S57_R2.fastq.gz	/nfs/chisholmlab001/chisholmlab/experiment_repository/2020/scope_gradients_omics/Lindell_Gradients_Omics_Shared/Metagenome/Reads/G3UW4_S57_unpaired.fastq.gz
G3UW6_S58	/nfs/chisholmlab001/chisholmlab/experiment_repository/2020/scope_gradients_omics/Lindell_Gradients_Omics_Shared/Metagenome/Reads/G3UW6_S58_R1.fastq.gz	/nfs/chisholmlab001/chisholmlab/experiment_repository/2020/scope_gradients_omics/Lindell_Gradients_Omics_Shared/Metagenome/Reads/G3UW6_S58_R2.fastq.gz	/nfs/chisholmlab001/chisholmlab/experiment_repository/2020/scope_gradients_omics/Lindell_Gradients_Omics_Shared/Metagenome/Reads/G3UW6_S58_unpaired.fastq.gz